[{"model": "posts.group", "pk": 1, "fields": {"title": "Cat", "slug": "Cat", "description": "Group with Cat"}}, {"model": "posts.group", "pk": 2, "fields": {"title": "Dog", "slug": "Dog", "description": "Group with Dog"}}, {"model": "posts.group", "pk": 3, "fields": {"title": "Territory", "slug": "Territory", "description": "Group with Territory"}}, {"model": "posts.post", "pk": 1, "fields": {"text": "Как не стоит купаться и в знаменитом Кипящем озере Доминиканы. Это не просто название: температура воды поднимается до 92 градусов Цельсия.", "pub_date": "2021-02-14T09:02:13.681Z", "author": 2, "group": 3, "image": "posts/3.jpg"}}, {"model": "posts.post", "pk": 2, "fields": {"text": "Рио-Тинто, или Красная река, является токсичной смесью побочных продуктов добычи тяжелых металлов и кислотного слива. Примерно с 3000 года до н. э. в районах вокруг реки уже велась добыча золота, серебра, меди и других полезных ископаемых. Конечным результатом являются технические воды, которые протекают в 62 милях от залива Кадис. Удивительно, что при всей своей опасности для людей, речные воды не лишены жизни. Экстремофильные анаэробные бактерии, которые не нуждаются в воздухе и способны жить в экстремальных условиях, обитают в Рио-Тинто, где питаются сульфидом и железом в донных породах. Присутствие устойчивых к такой среде микробов привлекло внимание астробиологов, которые полагают, что речные внеземные условия аналогичны другим мирам, таким как Марс и Европа.", "pub_date": "2021-02-14T09:03:19.964Z", "author": 2, "group": 3, "image": "posts/1_1.jpg"}}, {"model": "posts.post", "pk": 3, "fields": {"text": "Индонезийскую реку Читарум сделали непригодной для купания сами люди. Жители Западной Явы использовали ее и для сельского хозяйства и для промышленности. В бассейне реки проживает примерно 5 миллионов человек!", "pub_date": "2021-02-14T09:03:37.206Z", "author": 2, "group": 3, "image": "posts/220.jpg"}}, {"model": "posts.post", "pk": 4, "fields": {"text": "На территории этой страны есть два независимых государства. Эти две страны граничат только с одной страной. Выбираем. Ответ в комментарии.\r\nКитай\r\nИндонезия\r\nИталия\r\nЯпония", "pub_date": "2021-02-14T09:04:01.000Z", "author": 2, "group": 3, "image": "posts/1e3c1120d32a4b1dac88be52a75e.jpg"}}, {"model": "posts.post", "pk": 5, "fields": {"text": "Гепард (устар. охотничий леопард; лат. Acinonyx jubatus) — хищное млекопитающее семейства кошачьих, обитает в большинстве стран Африки, а также на Ближнем Востоке. Это единственный современный сохранившийся представитель рода Acinonyx. Быстрейший из всех наземных млекопитающих: за 3 секунды может развивать скорость до 110 км/ч.", "pub_date": "2021-02-14T09:04:33.877Z", "author": 2, "group": 1, "image": "posts/1111.jpg"}}, {"model": "posts.post", "pk": 6, "fields": {"text": "Ньюфаундленд — порода собак, первоначально использовавшаяся как рабочая собака в Канаде. Это большие собаки с длинной густой чёрной, коричневой или черно-белой шерстью и густым подшёрстком, допускается наличие белых пятен на груди и лапах. Между пальцами у ньюфаундленда имеются перепонки.", "pub_date": "2021-02-14T09:04:53.533Z", "author": 2, "group": 2, "image": "posts/364316e0562e72baf69d9e22d3b215e1.jpg"}}, {"model": "posts.post", "pk": 7, "fields": {"text": "Ирбис, или снежный барс, или снежный леопард[ (лат. Panthera uncia, ранее — лат. Uncia uncia) — крупное хищное млекопитающее семейства кошачьих, обитающее в горах Центральной Азии.", "pub_date": "2021-02-14T09:05:15.210Z", "author": 2, "group": 2, "image": "posts/364316e0562e72baf69d9e22d3b215e1_XMHN0Mw.jpg"}}, {"model": "posts.post", "pk": 8, "fields": {"text": "Стоунхендж, Стонхендж  — внесённое в список Всемирного наследия каменное мегалитическое сооружение (кромлех) в графстве Уилтшир (Англия). Находится примерно в 130 км к юго-западу от Лондона, примерно в 3,2 км к западу от Эймсбери и в 13 км к северу от Солсбери.", "pub_date": "2021-02-14T09:05:43.606Z", "author": 2, "group": 3, "image": "posts/mysterious-historical-monuments1.jpg"}}, {"model": "posts.post", "pk": 9, "fields": {"text": "Чихуaхуа  — собака-компаньон. Считается самой маленькой собакой в мире и носит имя мексиканского штата Чиуауа.", "pub_date": "2021-02-14T09:06:28.609Z", "author": 1, "group": 2, "image": "posts/pic_4dcf87cba26572a50f5c778b90e98190.jpg"}}, {"model": "posts.post", "pk": 10, "fields": {"text": "Сибирская кошка — порода полудлинношёрстных кошек. Сибирская кошка имеет полудлинную густую шерсть, не пропускающую влагу, среднего размера уши, пушистый хвост. Окрас различный.", "pub_date": "2021-02-14T09:06:54.819Z", "author": 1, "group": 1, "image": "posts/post_5bec9fadedf6e_efM73Ya.jpg"}}, {"model": "posts.post", "pk": 11, "fields": {"text": "Байкал (бур. Байгал далай) — озеро тектонического происхождения в южной части Восточной Сибири, самое глубокое озеро на планете, крупнейший природный резервуар пресной воды и самое большое по площади пресноводное озеро на континенте.", "pub_date": "2021-02-14T09:07:14.837Z", "author": 1, "group": 3, "image": "posts/zim-1024x663.jpg"}}, {"model": "sites.site", "pk": 1, "fields": {"domain": "example.com", "name": "example.com"}}, {"model": "admin.logentry", "pk": 1, "fields": {"action_time": "2021-02-14T08:58:18.638Z", "user": 1, "content_type": 1, "object_id": "1", "object_repr": "Cat", "action_flag": 1, "change_message": "[{\"added\": {}}]"}}, {"model": "admin.logentry", "pk": 2, "fields": {"action_time": "2021-02-14T08:58:20.204Z", "user": 1, "content_type": 1, "object_id": "1", "object_repr": "Cat", "action_flag": 2, "change_message": "[]"}}, {"model": "admin.logentry", "pk": 3, "fields": {"action_time": "2021-02-14T08:58:41.638Z", "user": 1, "content_type": 1, "object_id": "2", "object_repr": "Dog", "action_flag": 1, "change_message": "[{\"added\": {}}]"}}, {"model": "admin.logentry", "pk": 4, "fields": {"action_time": "2021-02-14T08:59:10.569Z", "user": 1, "content_type": 1, "object_id": "3", "object_repr": "Territory", "action_flag": 1, "change_message": "[{\"added\": {}}]"}}, {"model": "admin.logentry", "pk": 5, "fields": {"action_time": "2021-02-14T09:08:06.045Z", "user": 1, "content_type": 2, "object_id": "9", "object_repr": "Чихуaхуа  — собака-компаньон. Считается самой маленькой собакой в мире и носит имя мексиканского штата Чиуауа.", "action_flag": 2, "change_message": "[{\"changed\": {\"fields\": [\"Text\"]}}]"}}, {"model": "auth.permission", "pk": 1, "fields": {"name": "Can add group", "content_type": 1, "codename": "add_group"}}, {"model": "auth.permission", "pk": 2, "fields": {"name": "Can change group", "content_type": 1, "codename": "change_group"}}, {"model": "auth.permission", "pk": 3, "fields": {"name": "Can delete group", "content_type": 1, "codename": "delete_group"}}, {"model": "auth.permission", "pk": 4, "fields": {"name": "Can view group", "content_type": 1, "codename": "view_group"}}, {"model": "auth.permission", "pk": 5, "fields": {"name": "Can add post", "content_type": 2, "codename": "add_post"}}, {"model": "auth.permission", "pk": 6, "fields": {"name": "Can change post", "content_type": 2, "codename": "change_post"}}, {"model": "auth.permission", "pk": 7, "fields": {"name": "Can delete post", "content_type": 2, "codename": "delete_post"}}, {"model": "auth.permission", "pk": 8, "fields": {"name": "Can view post", "content_type": 2, "codename": "view_post"}}, {"model": "auth.permission", "pk": 9, "fields": {"name": "Can add follow", "content_type": 3, "codename": "add_follow"}}, {"model": "auth.permission", "pk": 10, "fields": {"name": "Can change follow", "content_type": 3, "codename": "change_follow"}}, {"model": "auth.permission", "pk": 11, "fields": {"name": "Can delete follow", "content_type": 3, "codename": "delete_follow"}}, {"model": "auth.permission", "pk": 12, "fields": {"name": "Can view follow", "content_type": 3, "codename": "view_follow"}}, {"model": "auth.permission", "pk": 13, "fields": {"name": "Can add comment", "content_type": 4, "codename": "add_comment"}}, {"model": "auth.permission", "pk": 14, "fields": {"name": "Can change comment", "content_type": 4, "codename": "change_comment"}}, {"model": "auth.permission", "pk": 15, "fields": {"name": "Can delete comment", "content_type": 4, "codename": "delete_comment"}}, {"model": "auth.permission", "pk": 16, "fields": {"name": "Can view comment", "content_type": 4, "codename": "view_comment"}}, {"model": "auth.permission", "pk": 17, "fields": {"name": "Can add site", "content_type": 5, "codename": "add_site"}}, {"model": "auth.permission", "pk": 18, "fields": {"name": "Can change site", "content_type": 5, "codename": "change_site"}}, {"model": "auth.permission", "pk": 19, "fields": {"name": "Can delete site", "content_type": 5, "codename": "delete_site"}}, {"model": "auth.permission", "pk": 20, "fields": {"name": "Can view site", "content_type": 5, "codename": "view_site"}}, {"model": "auth.permission", "pk": 21, "fields": {"name": "Can add flat page", "content_type": 6, "codename": "add_flatpage"}}, {"model": "auth.permission", "pk": 22, "fields": {"name": "Can change flat page", "content_type": 6, "codename": "change_flatpage"}}, {"model": "auth.permission", "pk": 23, "fields": {"name": "Can delete flat page", "content_type": 6, "codename": "delete_flatpage"}}, {"model": "auth.permission", "pk": 24, "fields": {"name": "Can view flat page", "content_type": 6, "codename": "view_flatpage"}}, {"model": "auth.permission", "pk": 25, "fields": {"name": "Can add log entry", "content_type": 7, "codename": "add_logentry"}}, {"model": "auth.permission", "pk": 26, "fields": {"name": "Can change log entry", "content_type": 7, "codename": "change_logentry"}}, {"model": "auth.permission", "pk": 27, "fields": {"name": "Can delete log entry", "content_type": 7, "codename": "delete_logentry"}}, {"model": "auth.permission", "pk": 28, "fields": {"name": "Can view log entry", "content_type": 7, "codename": "view_logentry"}}, {"model": "auth.permission", "pk": 29, "fields": {"name": "Can add permission", "content_type": 8, "codename": "add_permission"}}, {"model": "auth.permission", "pk": 30, "fields": {"name": "Can change permission", "content_type": 8, "codename": "change_permission"}}, {"model": "auth.permission", "pk": 31, "fields": {"name": "Can delete permission", "content_type": 8, "codename": "delete_permission"}}, {"model": "auth.permission", "pk": 32, "fields": {"name": "Can view permission", "content_type": 8, "codename": "view_permission"}}, {"model": "auth.permission", "pk": 33, "fields": {"name": "Can add group", "content_type": 9, "codename": "add_group"}}, {"model": "auth.permission", "pk": 34, "fields": {"name": "Can change group", "content_type": 9, "codename": "change_group"}}, {"model": "auth.permission", "pk": 35, "fields": {"name": "Can delete group", "content_type": 9, "codename": "delete_group"}}, {"model": "auth.permission", "pk": 36, "fields": {"name": "Can view group", "content_type": 9, "codename": "view_group"}}, {"model": "auth.permission", "pk": 37, "fields": {"name": "Can add user", "content_type": 10, "codename": "add_user"}}, {"model": "auth.permission", "pk": 38, "fields": {"name": "Can change user", "content_type": 10, "codename": "change_user"}}, {"model": "auth.permission", "pk": 39, "fields": {"name": "Can delete user", "content_type": 10, "codename": "delete_user"}}, {"model": "auth.permission", "pk": 40, "fields": {"name": "Can view user", "content_type": 10, "codename": "view_user"}}, {"model": "auth.permission", "pk": 41, "fields": {"name": "Can add content type", "content_type": 11, "codename": "add_contenttype"}}, {"model": "auth.permission", "pk": 42, "fields": {"name": "Can change content type", "content_type": 11, "codename": "change_contenttype"}}, {"model": "auth.permission", "pk": 43, "fields": {"name": "Can delete content type", "content_type": 11, "codename": "delete_contenttype"}}, {"model": "auth.permission", "pk": 44, "fields": {"name": "Can view content type", "content_type": 11, "codename": "view_contenttype"}}, {"model": "auth.permission", "pk": 45, "fields": {"name": "Can add session", "content_type": 12, "codename": "add_session"}}, {"model": "auth.permission", "pk": 46, "fields": {"name": "Can change session", "content_type": 12, "codename": "change_session"}}, {"model": "auth.permission", "pk": 47, "fields": {"name": "Can delete session", "content_type": 12, "codename": "delete_session"}}, {"model": "auth.permission", "pk": 48, "fields": {"name": "Can view session", "content_type": 12, "codename": "view_session"}}, {"model": "auth.permission", "pk": 49, "fields": {"name": "Can add kv store", "content_type": 13, "codename": "add_kvstore"}}, {"model": "auth.permission", "pk": 50, "fields": {"name": "Can change kv store", "content_type": 13, "codename": "change_kvstore"}}, {"model": "auth.permission", "pk": 51, "fields": {"name": "Can delete kv store", "content_type": 13, "codename": "delete_kvstore"}}, {"model": "auth.permission", "pk": 52, "fields": {"name": "Can view kv store", "content_type": 13, "codename": "view_kvstore"}}, {"model": "auth.user", "pk": 1, "fields": {"password": "pbkdf2_sha256$216000$r0sKIWZyv5EZ$TLWOpnPGyKLT4zltpwdx4fRjeIpmjj6sbG2qf94R63w=", "last_login": "2021-02-14T09:06:04.827Z", "is_superuser": true, "username": "adminadmin", "first_name": "", "last_name": "", "email": "", "is_staff": true, "is_active": true, "date_joined": "2021-02-14T08:57:38.668Z", "groups": [], "user_permissions": []}}, {"model": "auth.user", "pk": 2, "fields": {"password": "pbkdf2_sha256$216000$PytQieLSEtN6$5s5hlvPEpOyj7JLJ6mY5+oFdA4J84o4m2SgXpmMqtvk=", "last_login": "2021-02-14T09:01:27.476Z", "is_superuser": false, "username": "Test", "first_name": "NameTest", "last_name": "SurnameTest", "email": "Test@test.ru", "is_staff": false, "is_active": true, "date_joined": "2021-02-14T09:01:19.634Z", "groups": [], "user_permissions": []}}, {"model": "contenttypes.contenttype", "pk": 1, "fields": {"app_label": "posts", "model": "group"}}, {"model": "contenttypes.contenttype", "pk": 2, "fields": {"app_label": "posts", "model": "post"}}, {"model": "contenttypes.contenttype", "pk": 3, "fields": {"app_label": "posts", "model": "follow"}}, {"model": "contenttypes.contenttype", "pk": 4, "fields": {"app_label": "posts", "model": "comment"}}, {"model": "contenttypes.contenttype", "pk": 5, "fields": {"app_label": "sites", "model": "site"}}, {"model": "contenttypes.contenttype", "pk": 6, "fields": {"app_label": "flatpages", "model": "flatpage"}}, {"model": "contenttypes.contenttype", "pk": 7, "fields": {"app_label": "admin", "model": "logentry"}}, {"model": "contenttypes.contenttype", "pk": 8, "fields": {"app_label": "auth", "model": "permission"}}, {"model": "contenttypes.contenttype", "pk": 9, "fields": {"app_label": "auth", "model": "group"}}, {"model": "contenttypes.contenttype", "pk": 10, "fields": {"app_label": "auth", "model": "user"}}, {"model": "contenttypes.contenttype", "pk": 11, "fields": {"app_label": "contenttypes", "model": "contenttype"}}, {"model": "contenttypes.contenttype", "pk": 12, "fields": {"app_label": "sessions", "model": "session"}}, {"model": "contenttypes.contenttype", "pk": 13, "fields": {"app_label": "thumbnail", "model": "kvstore"}}, {"model": "sessions.session", "pk": "gnthhpliigoa9p4uh1tzpthn27wwyej6", "fields": {"session_data": ".eJxVjMEOwiAQBf-FsyFQCgsevfcbCLCLVA0kpT0Z_9026UGvb2bem_mwrcVvnRY_I7syyS6_WwzpSfUA-Aj13nhqdV3myA-Fn7TzqSG9bqf7d1BCL3utAPOgrJI4Rp0zoJPCqaBASxpFks6CM2GXjCUnwOEgjBUQJRnSYBT7fAHGDDbU:1lBDLw:w6WtikmuJUQmSE5L2s_V7Dj5hBsblYSH55UM_Frmp18", "expire_date": "2021-02-28T09:06:04.876Z"}}, {"model": "thumbnail.kvstore", "pk": "sorl-thumbnail||image||02adfa19e2640d1abf6fcf30cb2ab6bd", "fields": {"value": "{\"name\": \"cache/8f/56/8f5624519a0b356fa49dac7c9b6e68e8.jpg\", \"storage\": \"django.core.files.storage.FileSystemStorage\", \"size\": [960, 480]}"}}, {"model": "thumbnail.kvstore", "pk": "sorl-thumbnail||image||07f6a64bf5d821ae1a6c80befd5836be", "fields": {"value": "{\"name\": \"cache/fa/18/fa18041cbc6e7e1fa95e2062de52b2ad.jpg\", \"storage\": \"django.core.files.storage.FileSystemStorage\", \"size\": [960, 480]}"}}, {"model": "thumbnail.kvstore", "pk": "sorl-thumbnail||image||0ac74e15e9a451c060225e09902afdcb", "fields": {"value": "{\"name\": \"posts/pic_4dcf87cba26572a50f5c778b90e98190.jpg\", \"storage\": \"django.core.files.storage.FileSystemStorage\", \"size\": [420, 280]}"}}, {"model": "thumbnail.kvstore", "pk": "sorl-thumbnail||image||2e86d308ef8b9795ec293c486cd16942", "fields": {"value": "{\"name\": \"cache/4a/c0/4ac020716b0ecf324864d7852de8656f.jpg\", \"storage\": \"django.core.files.storage.FileSystemStorage\", \"size\": [960, 480]}"}}, {"model": "thumbnail.kvstore", "pk": "sorl-thumbnail||image||3967caa5063ca62c89b0ec12a50de790", "fields": {"value": "{\"name\": \"cache/ba/76/ba76e5bc25e02e37be0c278ba77a713f.jpg\", \"storage\": \"django.core.files.storage.FileSystemStorage\", \"size\": [960, 480]}"}}, {"model": "thumbnail.kvstore", "pk": "sorl-thumbnail||image||3e8432ff8d849053b64530f4ecfcce3f", "fields": {"value": "{\"name\": \"cache/5f/37/5f372c018caf2557a17bbb2d7f6b6b28.jpg\", \"storage\": \"django.core.files.storage.FileSystemStorage\", \"size\": [960, 480]}"}}, {"model": "thumbnail.kvstore", "pk": "sorl-thumbnail||image||4eb2f4fdabbb694507e7d54bc86a8be0", "fields": {"value": "{\"name\": \"posts/1_1.jpg\", \"storage\": \"django.core.files.storage.FileSystemStorage\", \"size\": [660, 400]}"}}, {"model": "thumbnail.kvstore", "pk": "sorl-thumbnail||image||546a649d3d94d4e06bb2a167bbc1fa03", "fields": {"value": "{\"name\": \"posts/364316e0562e72baf69d9e22d3b215e1_XMHN0Mw.jpg\", \"storage\": \"django.core.files.storage.FileSystemStorage\", \"size\": [2896, 1944]}"}}, {"model": "thumbnail.kvstore", "pk": "sorl-thumbnail||image||564d7a801c0ef2cf78131473c661f5de", "fields": {"value": "{\"name\": \"posts/post_5bec9fadedf6e_efM73Ya.jpg\", \"storage\": \"django.core.files.storage.FileSystemStorage\", \"size\": [1920, 1161]}"}}, {"model": "thumbnail.kvstore", "pk": "sorl-thumbnail||image||6471d92b53c73c0b211c9fc2d60af88d", "fields": {"value": "{\"name\": \"cache/7e/47/7e4722d3785ca0507638b2379c578382.jpg\", \"storage\": \"django.core.files.storage.FileSystemStorage\", \"size\": [960, 480]}"}}, {"model": "thumbnail.kvstore", "pk": "sorl-thumbnail||image||6ace21c553ba378003f1321306308be9", "fields": {"value": "{\"name\": \"posts/1e3c1120d32a4b1dac88be52a75e.jpg\", \"storage\": \"django.core.files.storage.FileSystemStorage\", \"size\": [630, 382]}"}}, {"model": "thumbnail.kvstore", "pk": "sorl-thumbnail||image||908d4e23e042670251e88ca82ac4c09f", "fields": {"value": "{\"name\": \"posts/mysterious-historical-monuments1.jpg\", \"storage\": \"django.core.files.storage.FileSystemStorage\", \"size\": [1280, 854]}"}}, {"model": "thumbnail.kvstore", "pk": "sorl-thumbnail||image||9203353c9d6de442a9d0e1ded8cf91aa", "fields": {"value": "{\"name\": \"posts/364316e0562e72baf69d9e22d3b215e1.jpg\", \"storage\": \"django.core.files.storage.FileSystemStorage\", \"size\": [2896, 1944]}"}}, {"model": "thumbnail.kvstore", "pk": "sorl-thumbnail||image||94332a02d214a080066012c7c7064137", "fields": {"value": "{\"name\": \"cache/a2/10/a210caf232b37af4f1f026df1c7200da.jpg\", \"storage\": \"django.core.files.storage.FileSystemStorage\", \"size\": [960, 480]}"}}, {"model": "thumbnail.kvstore", "pk": "sorl-thumbnail||image||947eac611b981496f23ad722282f6e55", "fields": {"value": "{\"name\": \"cache/8c/0f/8c0f26b9a79841e54cde7dc525f1ac22.jpg\", \"storage\": \"django.core.files.storage.FileSystemStorage\", \"size\": [960, 480]}"}}, {"model": "thumbnail.kvstore", "pk": "sorl-thumbnail||image||9b0252146745e2ae9433a075a120226a", "fields": {"value": "{\"name\": \"cache/cb/22/cb2222caba558447033ffa83df1ca0af.jpg\", \"storage\": \"django.core.files.storage.FileSystemStorage\", \"size\": [960, 480]}"}}, {"model": "thumbnail.kvstore", "pk": "sorl-thumbnail||image||9faab8c495304161c076dfbda8d132ba", "fields": {"value": "{\"name\": \"posts/zim-1024x663.jpg\", \"storage\": \"django.core.files.storage.FileSystemStorage\", \"size\": [1024, 663]}"}}, {"model": "thumbnail.kvstore", "pk": "sorl-thumbnail||image||a0469c9bcfc56baf7fc7cec6fe61ddbb", "fields": {"value": "{\"name\": \"cache/c8/1c/c81c20b5948d08da64281f84c9006813.jpg\", \"storage\": \"django.core.files.storage.FileSystemStorage\", \"size\": [960, 480]}"}}, {"model": "thumbnail.kvstore", "pk": "sorl-thumbnail||image||b1b3d81c0e5d9bc879a7cb9f2e43c562", "fields": {"value": "{\"name\": \"cache/75/5a/755aa499408a87672b2189e72c7779f4.jpg\", \"storage\": \"django.core.files.storage.FileSystemStorage\", \"size\": [960, 480]}"}}, {"model": "thumbnail.kvstore", "pk": "sorl-thumbnail||image||c2cbb27fa99ea48fe00f969ae8dd1bd0", "fields": {"value": "{\"name\": \"posts/1111.jpg\", \"storage\": \"django.core.files.storage.FileSystemStorage\", \"size\": [1920, 1200]}"}}, {"model": "thumbnail.kvstore", "pk": "sorl-thumbnail||image||ce97caab7fc1a4cc534cde15e12994ed", "fields": {"value": "{\"name\": \"posts/220.jpg\", \"storage\": \"django.core.files.storage.FileSystemStorage\", \"size\": [885, 519]}"}}, {"model": "thumbnail.kvstore", "pk": "sorl-thumbnail||image||d2ab6b7b9cc995905015f3b0a396c755", "fields": {"value": "{\"name\": \"posts/3.jpg\", \"storage\": \"django.core.files.storage.FileSystemStorage\", \"size\": [660, 400]}"}}, {"model": "thumbnail.kvstore", "pk": "sorl-thumbnail||thumbnails||0ac74e15e9a451c060225e09902afdcb", "fields": {"value": "[\"02adfa19e2640d1abf6fcf30cb2ab6bd\"]"}}, {"model": "thumbnail.kvstore", "pk": "sorl-thumbnail||thumbnails||4eb2f4fdabbb694507e7d54bc86a8be0", "fields": {"value": "[\"3e8432ff8d849053b64530f4ecfcce3f\"]"}}, {"model": "thumbnail.kvstore", "pk": "sorl-thumbnail||thumbnails||546a649d3d94d4e06bb2a167bbc1fa03", "fields": {"value": "[\"2e86d308ef8b9795ec293c486cd16942\"]"}}, {"model": "thumbnail.kvstore", "pk": "sorl-thumbnail||thumbnails||564d7a801c0ef2cf78131473c661f5de", "fields": {"value": "[\"a0469c9bcfc56baf7fc7cec6fe61ddbb\"]"}}, {"model": "thumbnail.kvstore", "pk": "sorl-thumbnail||thumbnails||6ace21c553ba378003f1321306308be9", "fields": {"value": "[\"947eac611b981496f23ad722282f6e55\"]"}}, {"model": "thumbnail.kvstore", "pk": "sorl-thumbnail||thumbnails||908d4e23e042670251e88ca82ac4c09f", "fields": {"value": "[\"3967caa5063ca62c89b0ec12a50de790\"]"}}, {"model": "thumbnail.kvstore", "pk": "sorl-thumbnail||thumbnails||9203353c9d6de442a9d0e1ded8cf91aa", "fields": {"value": "[\"94332a02d214a080066012c7c7064137\"]"}}, {"model": "thumbnail.kvstore", "pk": "sorl-thumbnail||thumbnails||9faab8c495304161c076dfbda8d132ba", "fields": {"value": "[\"6471d92b53c73c0b211c9fc2d60af88d\"]"}}, {"model": "thumbnail.kvstore", "pk": "sorl-thumbnail||thumbnails||c2cbb27fa99ea48fe00f969ae8dd1bd0", "fields": {"value": "[\"9b0252146745e2ae9433a075a120226a\"]"}}, {"model": "thumbnail.kvstore", "pk": "sorl-thumbnail||thumbnails||ce97caab7fc1a4cc534cde15e12994ed", "fields": {"value": "[\"07f6a64bf5d821ae1a6c80befd5836be\"]"}}, {"model": "thumbnail.kvstore", "pk": "sorl-thumbnail||thumbnails||d2ab6b7b9cc995905015f3b0a396c755", "fields": {"value": "[\"b1b3d81c0e5d9bc879a7cb9f2e43c562\"]"}}]